Marc,Oliver,Gasta,marcolivergastagonzales@gmail.com,Male,"math, science, filipino"
Mariell,"Isorena ","Cayman ",mariellcayman@gmail.com,Female,"math, science, filipino, english"
Eldie,"Gasta ",Buenavista,gastaeldie@gmail.com,Male,"math, science, filipino, english"
Maureen,Lood,Gasta,maureengasta@gmail.com,Female,"filipino, english"
Edizon,"Gasta ",Buenavista,edgbuenavista@gmail.com,Male,"science, filipino, english"
Jake,Martil,Munosco,ajkemmunosco@gmail.com,Male,"math, filipino, english"
Marc,Oliver,Gasta,marcolivergastagonzales@gmail.com,Male,math
"John ",ruiz,reyes,reyesjohnr@gmail.com,Male,math
"John Deniel ","Mabait ",Escuro,jakol@gmail.com,Female,"math, science"
